MeterID,Zone,ConsumerType,Date,EnergyConsumed_kWh,PeakUsage_kWh,OutageMinutes,MeterStatus,TariffRate
MTR0001,North,Residential,2025-05-21,135,32.64,114,Active,8.63
MTR0002,North,Residential,2025-02-17,118,26.08,91,Active,8.31
MTR0003,South,Commercial,2025-10-29,287,52.02,19,Active,9.84
MTR0004,North,Residential,2025-07-14,117,31.04,93,Active,5.37
MTR0005,East,Residential,2025-10-10,181,40.53,90,Active,9.13
MTR0006,Central,Residential,2025-04-30,143,33.52,46,Active,6.99
MTR0007,Central,Industrial,2025-12-16,1124,242.95,31,Active,7.16
MTR0008,West,Residential,2025-12-17,147,38.94,51,Active,5.98
MTR0009,West,Industrial,2025-06-11,1041,290.69,82,Active,6.35
MTR0010,South,Industrial,2025-10-15,1132,318.78,51,Active,11.48
MTR0011,South,Industrial,2025-09-10,611,142.33,101,Active,8.67
MTR0012,East,Commercial,2025-11-02,570,156.72,1,Active,5.3
MTR0013,West,Commercial,2025-11-25,342,50.78,0,Faulty,10.63
MTR0014,Central,Industrial,2025-04-02,1158,314.4,64,Active,5.57
MTR0015,South,Industrial,2025-09-29,873,107.82,118,Active,11.4
MTR0016,Central,Residential,2025-01-30,131,32.98,104,Active,9.82
MTR0017,South,Residential,2025-12-04,214,46.01,77,Active,5.98
MTR0018,West,Industrial,2025-12-20,935,185.93,66,Active,6.24
MTR0019,North,Commercial,2025-01-11,541,65.62,90,Active,6.1
MTR0020,North,Commercial,2025-02-06,413,65.49,16,Active,10.68
MTR0021,West,Commercial,2025-05-05,450,61.85,55,Active,7.38
MTR0022,North,Industrial,2025-12-01,593,148.89,102,Faulty,6.24
MTR0023,South,Industrial,2025-08-18,702,142.7,111,Faulty,7.6
MTR0024,West,Residential,2025-01-26,237,67.96,108,Active,7.34
MTR0025,East,Residential,2025-07-25,75,22.3,33,Faulty,10.0
MTR0026,Central,Commercial,2025-12-23,587,90.5,27,Faulty,8.55
MTR0027,West,Residential,2025-06-10,135,28.42,109,Active,4.9
MTR0028,West,Residential,2025-04-06,107,20.62,120,Faulty,6.22
MTR0029,West,Residential,2025-11-14,146,25.83,33,Active,9.51
MTR0030,South,Commercial,2025-07-22,611,123.61,118,Active,5.01
MTR0031,East,Industrial,2025-10-16,1057,223.09,16,Faulty,10.67
MTR0032,South,Commercial,2025-05-26,492,113.21,103,Active,4.55
MTR0033,West,Commercial,2025-12-06,312,87.41,95,Active,6.41
MTR0034,West,Residential,2025-06-25,176,36.6,115,Faulty,4.86
MTR0035,East,Commercial,2025-01-23,433,64.55,56,Active,7.49
MTR0036,North,Residential,2025-02-08,145,32.6,18,Active,4.79
MTR0037,Central,Residential,2025-07-03,126,23.14,71,Faulty,7.34
MTR0038,West,Industrial,2025-03-21,713,88.74,94,Faulty,9.98
MTR0039,East,Industrial,2025-05-08,638,176.72,109,Active,5.9
MTR0040,East,Commercial,2025-06-06,368,70.55,35,Faulty,11.27
MTR0041,Central,Commercial,2025-11-25,502,90.16,3,Active,11.29
MTR0042,South,Industrial,2025-05-16,1145,208.65,100,Active,8.74
MTR0043,West,Residential,2025-07-17,212,52.49,0,Active,10.15
MTR0044,South,Commercial,2025-08-09,610,146.04,15,Active,6.6
MTR0045,Central,Industrial,2025-07-29,852,121.76,53,Active,7.15
MTR0046,South,Industrial,2025-10-19,1041,181.86,26,Active,8.56
MTR0047,Central,Commercial,2025-08-15,640,131.31,115,Faulty,9.65
MTR0048,North,Commercial,2025-09-21,596,81.54,96,Active,6.67
MTR0049,South,Residential,2025-01-13,80,16.16,113,Active,5.86
MTR0050,East,Commercial,2025-07-24,305,85.61,110,Active,5.25
MTR0051,East,Residential,2025-04-01,223,63.59,15,Active,10.11
MTR0052,West,Industrial,2025-11-01,1171,230.47,116,Active,10.78
MTR0053,East,Commercial,2025-05-13,622,128.9,30,Active,5.04
MTR0054,Central,Residential,2025-05-20,155,22.46,29,Active,5.57
MTR0055,South,Residential,2025-08-01,223,43.45,26,Active,7.23
MTR0056,West,Industrial,2025-01-11,968,280.42,38,Active,10.47
MTR0057,East,Industrial,2025-10-07,1007,170.31,62,Active,6.85
MTR0058,East,Industrial,2025-03-26,1185,147.95,50,Active,9.14
MTR0059,North,Industrial,2025-08-08,672,112.11,41,Active,6.79
MTR0060,East,Commercial,2025-08-04,273,69.57,6,Faulty,6.95
MTR0061,North,Industrial,2025-01-21,686,159.04,30,Active,9.19
MTR0062,West,Residential,2025-08-27,139,36.14,20,Faulty,5.26
MTR0063,North,Commercial,2025-10-22,442,100.15,106,Active,5.21
MTR0064,Central,Industrial,2025-11-04,566,122.2,84,Active,8.04
MTR0065,Central,Residential,2025-08-04,231,54.15,106,Active,5.57
MTR0066,South,Industrial,2025-09-25,1178,305.61,59,Active,9.62
MTR0067,Central,Commercial,2025-05-06,403,102.8,72,Active,7.15
MTR0068,North,Commercial,2025-06-16,524,138.13,43,Active,8.67
MTR0069,Central,Industrial,2025-01-06,597,149.02,62,Active,6.18
MTR0070,East,Industrial,2025-12-31,508,87.86,51,Active,6.64
MTR0071,West,Commercial,2025-08-31,555,166.16,70,Active,9.42
MTR0072,Central,Commercial,2025-05-09,331,46.84,68,Faulty,9.33
MTR0073,South,Residential,2025-09-05,166,49.22,106,Active,6.09
MTR0074,South,Commercial,2025-01-08,299,88.32,70,Active,11.11
MTR0075,East,Residential,2025-01-07,267,53.21,23,Faulty,6.27
MTR0076,East,Residential,2025-02-03,168,24.75,103,Active,6.63
MTR0077,South,Residential,2025-10-13,194,50.37,48,Active,7.6
MTR0078,West,Commercial,2025-06-06,559,162.43,26,Active,6.35
MTR0079,North,Residential,2025-05-03,124,14.94,57,Active,7.79
MTR0080,North,Residential,2025-05-28,161,46.09,100,Active,8.63
MTR0081,South,Commercial,2025-02-28,364,103.2,105,Active,4.92
MTR0082,Central,Industrial,2025-10-19,666,162.48,89,Active,6.41
MTR0083,West,Commercial,2025-08-13,591,149.06,77,Active,5.14
MTR0084,West,Industrial,2025-01-11,543,111.15,83,Active,6.45
MTR0085,West,Commercial,2025-11-22,320,61.92,41,Active,10.5
MTR0086,Central,Commercial,2025-12-22,428,114.04,70,Active,5.12
MTR0087,Central,Commercial,2025-03-01,562,114.17,6,Active,7.03
MTR0088,East,Industrial,2025-08-15,823,118.17,36,Active,9.39
MTR0089,North,Residential,2025-11-19,254,55.66,70,Active,6.07
MTR0090,North,Commercial,2025-03-02,345,73.0,34,Active,7.88
MTR0091,East,Residential,2025-08-22,225,64.34,65,Active,5.46
MTR0092,North,Commercial,2025-08-01,489,83.58,38,Active,8.56
MTR0093,East,Residential,2025-08-17,239,52.42,69,Active,11.03
MTR0094,South,Industrial,2025-05-03,771,98.58,95,Active,10.89
MTR0095,East,Commercial,2025-12-06,311,44.39,75,Active,5.2
MTR0096,East,Residential,2025-09-27,228,63.1,19,Active,9.97
MTR0097,Central,Commercial,2025-11-16,604,165.15,109,Active,11.18
MTR0098,East,Industrial,2025-01-19,756,226.45,95,Active,11.35
MTR0099,North,Commercial,2025-03-27,285,75.04,37,Active,7.51
MTR0100,South,Industrial,2025-07-30,685,103.79,78,Faulty,8.84
MTR0101,South,Commercial,2025-10-26,380,77.03,85,Active,10.13
MTR0102,Central,Industrial,2025-10-07,976,290.63,38,Active,7.47
MTR0103,Central,Commercial,2025-06-04,439,71.42,73,Active,6.57
MTR0104,Central,Residential,2025-12-04,167,47.41,95,Active,10.83
MTR0105,Central,Residential,2025-11-07,174,40.33,86,Active,9.87
MTR0106,South,Industrial,2025-02-19,559,146.43,4,Active,9.63
MTR0107,North,Commercial,2025-06-17,335,87.63,112,Faulty,8.22
MTR0108,Central,Residential,2025-05-12,197,40.25,9,Active,11.27
MTR0109,East,Industrial,2025-07-07,527,114.14,58,Active,9.74
MTR0110,Central,Industrial,2025-07-15,619,126.81,79,Faulty,8.43
MTR0111,West,Residential,2025-11-28,114,27.0,14,Active,11.12
MTR0112,Central,Commercial,2025-03-01,367,69.71,47,Active,9.7
MTR0113,West,Commercial,2025-10-28,454,122.61,78,Active,11.16
MTR0114,North,Industrial,2025-07-09,965,264.39,12,Faulty,7.07
MTR0115,Central,Residential,2025-07-23,188,25.66,27,Active,8.68
MTR0116,North,Residential,2025-06-20,148,19.59,97,Active,8.6
MTR0117,South,Commercial,2025-03-17,249,74.14,69,Active,5.72
MTR0118,North,Residential,2025-01-08,192,23.59,33,Active,9.69
MTR0119,West,Residential,2025-02-02,246,55.81,57,Active,11.12
MTR0120,North,Industrial,2025-12-04,952,124.66,61,Active,7.48
MTR0121,North,Commercial,2025-12-31,308,70.68,8,Active,8.87
MTR0122,West,Industrial,2025-12-31,1158,200.43,64,Active,5.19
MTR0123,North,Industrial,2025-11-30,977,273.42,52,Active,7.67
MTR0124,East,Industrial,2025-02-18,832,155.9,19,Active,7.82
MTR0125,North,Residential,2025-02-17,186,40.95,75,Faulty,8.43
MTR0126,North,Commercial,2025-07-01,482,109.93,45,Active,8.05
MTR0127,South,Industrial,2025-09-04,885,124.5,35,Active,10.15
MTR0128,West,Industrial,2025-11-11,540,67.61,34,Active,6.66
MTR0129,Central,Commercial,2025-01-04,354,46.91,94,Active,4.71
MTR0130,West,Residential,2025-07-12,187,34.9,92,Active,11.09
MTR0131,West,Residential,2025-01-27,105,25.34,34,Active,7.47
MTR0132,West,Commercial,2025-08-01,354,64.47,14,Active,9.25
MTR0133,East,Industrial,2025-12-08,755,224.39,7,Active,6.61
MTR0134,South,Residential,2025-05-11,134,28.08,55,Active,7.16
MTR0135,South,Industrial,2025-10-14,891,176.88,58,Faulty,10.53
MTR0136,West,Commercial,2025-10-21,594,83.59,2,Faulty,5.7
MTR0137,West,Commercial,2025-12-20,288,47.17,75,Active,5.05
MTR0138,Central,Industrial,2025-06-23,661,140.06,14,Active,5.86
MTR0139,Central,Commercial,2025-11-27,368,61.12,22,Active,9.82
MTR0140,North,Residential,2025-11-18,243,58.95,112,Active,8.95
MTR0141,West,Commercial,2025-11-18,315,64.39,80,Active,6.42
MTR0142,North,Commercial,2025-09-17,445,56.41,47,Active,5.04
MTR0143,North,Industrial,2025-11-01,1023,298.47,94,Faulty,7.65
MTR0144,West,Industrial,2025-04-07,1031,151.72,7,Active,10.18
MTR0145,Central,Industrial,2025-02-13,661,108.8,56,Faulty,8.17
MTR0146,West,Residential,2025-07-06,207,53.7,86,Active,10.02
MTR0147,Central,Residential,2025-06-18,133,22.76,92,Faulty,11.25
MTR0148,West,Residential,2025-06-20,98,27.93,39,Faulty,9.39
MTR0149,East,Residential,2025-11-01,129,30.42,42,Active,9.19
MTR0150,West,Residential,2025-11-27,170,31.5,23,Faulty,6.89
MTR0151,East,Residential,2025-04-26,132,35.9,12,Active,8.28
MTR0152,West,Residential,2025-12-05,194,28.67,23,Active,9.9
MTR0153,South,Industrial,2025-08-13,883,260.07,78,Active,9.74
MTR0154,East,Residential,2025-10-01,145,27.0,73,Faulty,7.73
MTR0155,Central,Commercial,2025-09-15,469,123.92,17,Faulty,4.87
MTR0156,East,Commercial,2025-10-11,530,71.6,20,Active,10.84
MTR0157,South,Commercial,2025-02-16,463,90.14,50,Active,6.15
MTR0158,North,Commercial,2025-04-25,435,114.17,17,Active,10.92
MTR0159,East,Industrial,2025-03-13,1110,314.19,2,Active,10.34
MTR0160,West,Industrial,2025-11-08,629,102.39,15,Active,7.44
MTR0161,West,Commercial,2025-02-02,553,68.0,65,Active,9.53
MTR0162,Central,Commercial,2025-01-01,463,71.17,85,Active,11.32
MTR0163,North,Industrial,2025-10-06,1049,199.61,60,Active,7.21
MTR0164,Central,Commercial,2025-01-09,294,74.07,80,Active,8.57
MTR0165,Central,Residential,2025-01-23,172,46.35,87,Active,9.37
MTR0166,South,Residential,2025-02-02,202,25.83,25,Faulty,6.71
MTR0167,Central,Industrial,2025-07-23,743,189.91,24,Active,10.53
MTR0168,North,Industrial,2025-06-19,911,255.18,95,Active,11.2
MTR0169,Central,Residential,2025-09-12,221,58.39,93,Active,7.51
MTR0170,South,Industrial,2025-05-31,602,143.86,39,Active,9.52
MTR0171,South,Industrial,2025-08-16,568,131.02,55,Active,11.36
MTR0172,North,Residential,2025-12-10,288,76.09,86,Active,4.72
MTR0173,West,Industrial,2025-08-13,578,150.36,46,Active,11.15
MTR0174,North,Industrial,2025-03-20,916,235.74,73,Active,7.07
MTR0175,Central,Industrial,2025-05-23,529,111.0,49,Faulty,5.32
MTR0176,Central,Industrial,2025-08-17,834,130.13,17,Faulty,7.66
MTR0177,East,Residential,2025-12-16,149,32.63,37,Faulty,10.46
MTR0178,South,Commercial,2025-09-18,309,50.25,63,Active,8.38
MTR0179,Central,Commercial,2025-10-10,551,96.8,91,Active,8.18
MTR0180,East,Industrial,2025-02-07,1146,230.34,87,Active,5.4
MTR0181,West,Industrial,2025-10-28,987,280.24,7,Active,8.13
MTR0182,Central,Residential,2025-03-24,208,58.47,108,Active,5.87
MTR0183,West,Commercial,2025-03-06,453,61.98,82,Active,11.09
MTR0184,South,Residential,2025-12-04,224,60.15,3,Active,11.14
MTR0185,West,Commercial,2025-11-30,525,110.06,80,Active,8.99
MTR0186,Central,Commercial,2025-05-06,391,95.38,20,Active,7.89
MTR0187,South,Commercial,2025-11-07,434,128.28,16,Active,8.1
MTR0188,North,Commercial,2025-05-04,349,57.45,12,Active,11.12
MTR0189,West,Commercial,2025-05-08,437,67.37,20,Active,8.1
MTR0190,East,Commercial,2025-09-12,340,68.78,30,Active,6.97
MTR0191,North,Commercial,2025-09-11,624,106.98,1,Active,7.52
MTR0192,Central,Industrial,2025-07-07,577,74.55,71,Active,8.37
MTR0193,North,Commercial,2025-09-16,526,75.3,12,Active,10.06
MTR0194,Central,Industrial,2025-07-07,1161,223.2,5,Active,5.46
MTR0195,Central,Commercial,2025-09-23,371,53.85,119,Active,5.64
MTR0196,West,Industrial,2025-06-03,1064,229.63,90,Active,7.82
MTR0197,North,Commercial,2025-06-19,482,126.97,92,Faulty,8.9
MTR0198,West,Commercial,2025-05-16,555,138.67,74,Active,8.17
MTR0199,West,Commercial,2025-03-17,260,40.13,56,Active,5.56
MTR0200,South,Commercial,2025-09-14,488,104.12,71,Active,9.14
MTR0201,West,Commercial,2025-06-10,508,110.91,86,Active,9.55
MTR0202,Central,Industrial,2025-09-05,803,128.86,38,Active,9.43
MTR0203,East,Commercial,2025-09-03,552,78.35,86,Active,10.77
MTR0204,East,Commercial,2025-03-16,261,47.59,56,Active,9.73
MTR0205,South,Residential,2025-10-03,146,20.39,94,Active,6.2
MTR0206,West,Residential,2025-11-23,171,30.69,60,Active,9.9
MTR0207,North,Industrial,2025-03-22,1028,243.74,96,Faulty,6.75
MTR0208,North,Residential,2025-11-30,210,59.72,22,Active,10.36
MTR0209,North,Commercial,2025-09-11,379,65.84,77,Active,11.38
MTR0210,Central,Commercial,2025-11-25,515,140.69,59,Active,10.16
MTR0211,Central,Residential,2025-08-23,226,57.09,101,Active,9.22
MTR0212,South,Residential,2025-11-09,288,51.56,51,Active,5.79
MTR0213,South,Commercial,2025-06-15,282,45.8,96,Active,6.81
MTR0214,West,Industrial,2025-10-21,1195,292.41,7,Active,7.76
MTR0215,South,Commercial,2025-12-18,426,79.3,28,Active,5.43
MTR0216,South,Commercial,2025-11-07,502,128.67,102,Active,6.03
MTR0217,South,Industrial,2025-11-02,1004,247.66,9,Faulty,5.29
MTR0218,West,Industrial,2025-04-14,654,117.11,66,Active,9.26
MTR0219,West,Commercial,2025-02-16,516,74.17,53,Active,4.9
MTR0220,East,Industrial,2025-06-07,740,188.14,74,Active,7.47
MTR0221,North,Industrial,2025-01-31,548,106.09,98,Active,8.99
MTR0222,East,Commercial,2025-07-15,433,105.17,84,Faulty,5.43
MTR0223,Central,Residential,2025-04-02,213,53.47,28,Active,9.79
MTR0224,Central,Commercial,2025-12-11,495,132.76,31,Active,5.59
MTR0225,South,Industrial,2025-02-27,911,148.78,8,Active,4.74
MTR0226,West,Industrial,2025-12-27,576,114.63,69,Active,10.55
MTR0227,North,Residential,2025-09-15,174,38.97,98,Active,6.74
MTR0228,Central,Residential,2025-12-05,231,39.16,71,Faulty,10.66
MTR0229,South,Industrial,2025-12-14,993,292.95,120,Active,7.17
MTR0230,West,Commercial,2025-12-23,477,89.56,96,Active,6.19
MTR0231,South,Commercial,2025-12-29,519,152.69,71,Active,7.22
MTR0232,Central,Residential,2025-06-19,272,37.17,92,Active,4.86
MTR0233,East,Industrial,2025-11-06,578,153.08,75,Active,8.41
MTR0234,East,Residential,2025-06-20,161,47.2,15,Active,9.78
MTR0235,South,Industrial,2025-11-06,795,141.42,36,Active,8.24
MTR0236,Central,Commercial,2025-05-14,551,75.9,92,Active,10.38
MTR0237,South,Commercial,2025-06-10,281,71.21,2,Active,11.04
MTR0238,West,Industrial,2025-08-02,722,116.53,72,Active,8.0
MTR0239,Central,Commercial,2025-09-08,502,126.45,45,Active,9.54
MTR0240,East,Residential,2025-10-05,228,61.8,9,Faulty,9.18
MTR0241,North,Commercial,2025-03-12,367,44.64,64,Active,4.92
MTR0242,West,Commercial,2025-12-04,306,67.1,1,Active,9.56
MTR0243,West,Commercial,2025-01-09,597,83.14,12,Active,6.19
MTR0244,West,Industrial,2025-05-10,896,167.69,51,Active,6.2
MTR0245,South,Commercial,2025-12-17,568,77.72,48,Active,7.83
MTR0246,North,Industrial,2025-03-29,966,214.31,109,Faulty,10.76
MTR0247,North,Residential,2025-04-19,210,60.13,87,Faulty,10.8
MTR0248,West,Industrial,2025-01-17,522,117.8,96,Active,10.25
MTR0249,North,Commercial,2025-03-25,402,97.23,69,Active,9.79
MTR0250,South,Industrial,2025-02-10,546,108.48,107,Active,8.74
MTR0251,West,Industrial,2025-07-23,1163,303.59,57,Active,6.99
MTR0252,East,Commercial,2025-04-06,578,149.7,37,Active,9.49
MTR0253,North,Commercial,2025-03-20,603,106.73,13,Active,11.1
MTR0254,East,Commercial,2025-05-19,320,63.22,71,Active,7.36
MTR0255,North,Residential,2025-07-01,242,66.66,1,Active,7.21
MTR0256,North,Industrial,2025-10-14,1034,251.63,21,Active,6.61
MTR0257,East,Residential,2025-02-02,155,26.96,100,Active,6.26
MTR0258,South,Industrial,2025-11-17,1136,229.94,17,Active,11.14
MTR0259,Central,Industrial,2025-07-14,877,233.97,110,Active,8.66
MTR0260,Central,Commercial,2025-11-05,497,145.93,40,Active,9.36
MTR0261,East,Industrial,2025-05-05,817,151.72,119,Active,8.65
MTR0262,West,Residential,2025-12-16,226,44.96,37,Active,4.98
MTR0263,East,Industrial,2025-09-13,820,135.7,19,Active,10.02
MTR0264,North,Commercial,2025-11-03,596,125.87,117,Faulty,7.43
MTR0265,North,Commercial,2025-12-26,544,75.99,31,Active,6.99
MTR0266,West,Residential,2025-10-16,276,81.15,42,Faulty,7.51
MTR0267,North,Residential,2025-05-13,144,28.83,50,Active,9.26
MTR0268,West,Residential,2025-06-26,103,20.07,10,Active,11.08
MTR0269,South,Commercial,2025-06-09,529,109.46,60,Active,9.55
MTR0270,East,Commercial,2025-02-04,254,69.3,82,Active,10.1
MTR0271,South,Industrial,2025-03-31,872,255.08,29,Active,8.91
MTR0272,South,Industrial,2025-12-03,534,107.29,54,Active,9.43
MTR0273,South,Commercial,2025-12-27,593,91.12,41,Active,5.3
MTR0274,East,Industrial,2025-11-24,927,209.19,44,Active,7.71
MTR0275,South,Industrial,2025-12-28,1094,263.63,40,Active,6.64
MTR0276,South,Commercial,2025-12-22,544,123.68,73,Active,5.8
MTR0277,West,Industrial,2025-11-27,712,122.46,23,Active,7.66
MTR0278,North,Commercial,2025-01-05,348,102.13,64,Active,7.36
MTR0279,East,Commercial,2025-12-30,490,108.67,101,Active,6.54
MTR0280,Central,Residential,2025-10-03,196,42.91,14,Active,6.38
MTR0281,West,Commercial,2025-10-05,482,143.71,13,Active,9.08
MTR0282,South,Commercial,2025-01-17,375,74.64,15,Active,6.16
MTR0283,West,Industrial,2025-06-29,939,216.82,100,Active,5.95
MTR0284,North,Industrial,2025-06-29,1159,174.21,90,Active,8.51
MTR0285,West,Industrial,2025-02-18,575,158.74,16,Active,5.43
MTR0286,South,Industrial,2025-06-14,944,137.44,80,Active,7.4
MTR0287,East,Residential,2025-11-21,118,28.92,112,Active,11.15
MTR0288,Central,Industrial,2025-01-02,1175,320.8,101,Active,6.02
MTR0289,East,Residential,2025-09-11,171,37.37,16,Active,7.9
MTR0290,Central,Industrial,2025-01-25,1179,144.94,118,Faulty,7.59
MTR0291,North,Commercial,2025-04-14,582,161.44,112,Active,9.08
MTR0292,Central,Residential,2025-07-10,236,45.16,39,Active,9.79
MTR0293,East,Industrial,2025-02-16,759,101.73,75,Active,9.26
MTR0294,North,Residential,2025-12-23,163,33.58,29,Active,9.62
MTR0295,North,Residential,2025-06-10,202,52.36,96,Faulty,8.99
MTR0296,South,Residential,2025-09-29,225,44.82,92,Active,9.74
MTR0297,East,Industrial,2025-12-18,580,84.22,15,Active,7.19
MTR0298,East,Commercial,2025-03-13,381,62.74,76,Active,8.75
MTR0299,North,Industrial,2025-06-04,1166,179.51,50,Active,4.88
MTR0300,South,Commercial,2025-07-17,362,77.86,1,Faulty,11.04
MTR0301,South,Commercial,2025-10-19,439,112.95,98,Active,8.61
MTR0302,North,Commercial,2025-04-21,324,55.59,91,Active,7.41
MTR0303,East,Residential,2025-11-24,216,36.71,39,Active,10.95
MTR0304,South,Industrial,2025-06-17,1137,199.92,55,Active,10.43
MTR0305,North,Residential,2025-02-14,178,31.27,94,Active,5.73
MTR0306,North,Industrial,2025-03-12,1032,220.99,100,Active,6.31
MTR0307,Central,Residential,2025-05-18,144,24.33,8,Active,11.33
MTR0308,North,Commercial,2025-08-22,477,131.02,21,Active,6.29
MTR0309,North,Industrial,2025-12-12,1001,128.05,110,Active,4.82
MTR0310,Central,Commercial,2025-03-18,301,48.28,31,Active,9.54
MTR0311,Central,Residential,2025-10-20,161,24.52,102,Active,4.82
MTR0312,East,Residential,2025-08-27,143,31.4,1,Active,6.54
MTR0313,Central,Industrial,2025-11-15,920,275.63,99,Active,10.8
MTR0314,South,Residential,2025-01-04,233,42.49,107,Active,4.57
MTR0315,Central,Residential,2025-12-03,182,39.2,30,Active,11.23
MTR0316,South,Industrial,2025-05-24,783,152.18,114,Active,11.32
MTR0317,North,Industrial,2025-02-18,1182,157.76,72,Active,9.14
MTR0318,South,Residential,2025-05-30,167,29.6,34,Active,11.1
MTR0319,South,Industrial,2025-02-25,705,143.74,52,Active,7.01
MTR0320,South,Commercial,2025-06-07,376,55.79,87,Active,9.43
MTR0321,West,Residential,2025-04-21,174,51.21,50,Active,9.24
MTR0322,Central,Residential,2025-01-16,233,38.44,59,Active,10.06
MTR0323,North,Residential,2025-02-01,167,31.23,80,Faulty,5.09
MTR0324,West,Commercial,2025-02-08,319,84.75,11,Faulty,10.31
MTR0325,Central,Residential,2025-01-22,233,62.42,50,Active,7.18
MTR0326,East,Residential,2025-07-01,149,29.84,19,Active,8.83
MTR0327,South,Industrial,2025-06-01,1104,144.6,35,Active,7.43
MTR0328,West,Residential,2025-11-19,244,50.35,100,Active,10.89
MTR0329,West,Commercial,2025-07-18,362,82.35,3,Faulty,9.95
MTR0330,North,Commercial,2025-09-29,549,75.78,84,Active,8.24
MTR0331,North,Residential,2025-10-22,181,29.43,40,Active,9.38
MTR0332,West,Residential,2025-12-27,168,37.19,24,Active,10.17
MTR0333,East,Industrial,2025-06-08,529,68.83,77,Active,8.19
MTR0334,North,Commercial,2025-11-11,318,90.75,108,Faulty,4.92
MTR0335,South,Industrial,2025-12-27,1064,311.65,47,Active,9.13
MTR0336,West,Residential,2025-06-22,157,39.54,55,Active,11.22
MTR0337,Central,Residential,2025-12-29,231,55.39,104,Active,6.65
MTR0338,Central,Residential,2025-04-01,64,9.78,40,Faulty,11.27
MTR0339,South,Industrial,2025-10-17,666,169.27,30,Active,6.74
MTR0340,North,Industrial,2025-12-10,938,157.34,31,Active,6.95
MTR0341,North,Industrial,2025-01-01,981,288.84,113,Active,10.67
MTR0342,Central,Industrial,2025-07-12,1099,164.06,9,Active,4.73
MTR0343,North,Commercial,2025-05-14,288,80.59,20,Active,8.33
MTR0344,North,Commercial,2025-11-01,532,154.09,21,Active,7.54
MTR0345,North,Residential,2025-06-19,182,45.49,93,Active,9.12
MTR0346,Central,Residential,2025-02-19,142,38.51,19,Active,4.53
MTR0347,North,Commercial,2025-12-05,562,77.25,26,Active,6.54
MTR0348,North,Commercial,2025-03-01,495,139.13,33,Active,8.31
MTR0349,South,Commercial,2025-07-15,330,55.24,59,Active,10.36
MTR0350,West,Residential,2025-03-19,274,72.74,52,Faulty,8.63
MTR0351,West,Residential,2025-07-18,253,56.44,30,Active,5.05
MTR0352,North,Industrial,2025-10-20,1191,168.71,96,Active,11.14
MTR0353,South,Residential,2025-04-09,102,30.38,55,Active,10.26
MTR0354,South,Industrial,2025-05-13,618,136.05,70,Active,6.43
MTR0355,East,Residential,2025-12-25,272,38.15,19,Active,8.62
MTR0356,North,Residential,2025-10-16,129,35.86,33,Active,7.9
MTR0357,West,Commercial,2025-01-20,389,89.97,87,Active,4.77
MTR0358,Central,Industrial,2025-05-02,802,99.16,104,Active,6.68
MTR0359,East,Industrial,2025-12-17,655,193.46,56,Active,6.75
MTR0360,East,Industrial,2025-11-27,959,272.76,52,Active,9.82
MTR0361,Central,Residential,2025-09-21,164,31.59,99,Faulty,10.66
MTR0362,North,Residential,2025-04-09,115,23.25,117,Active,5.89
MTR0363,Central,Commercial,2025-09-16,558,91.26,62,Active,5.74
MTR0364,East,Industrial,2025-10-10,680,173.27,88,Active,4.69
MTR0365,North,Residential,2025-10-20,142,34.36,34,Active,8.09
MTR0366,North,Commercial,2025-03-09,319,51.13,77,Active,6.64
MTR0367,Central,Commercial,2025-07-12,492,100.37,86,Active,8.87
MTR0368,West,Residential,2025-01-04,226,39.26,13,Active,6.85
MTR0369,Central,Industrial,2025-06-16,1189,182.99,66,Active,10.8
MTR0370,West,Commercial,2025-12-05,581,138.26,37,Active,7.43
MTR0371,East,Industrial,2025-01-19,717,179.81,28,Active,8.97
MTR0372,East,Industrial,2025-07-03,677,117.04,60,Active,6.31
MTR0373,West,Residential,2025-12-15,173,31.82,95,Faulty,7.44
MTR0374,Central,Commercial,2025-05-14,395,80.86,110,Active,8.56
MTR0375,West,Residential,2025-08-30,157,33.81,52,Active,10.48
MTR0376,South,Residential,2025-06-25,182,32.2,91,Active,5.07
MTR0377,Central,Industrial,2025-04-01,539,108.54,26,Active,5.68
MTR0378,South,Commercial,2025-02-15,598,115.18,61,Active,4.76
MTR0379,South,Industrial,2025-07-11,1047,129.02,0,Active,6.24
MTR0380,Central,Commercial,2025-03-08,465,69.78,105,Active,11.14
MTR0381,East,Industrial,2025-09-24,880,246.26,17,Active,10.81
MTR0382,Central,Residential,2025-03-26,191,47.92,16,Active,4.65
MTR0383,West,Residential,2025-03-05,201,55.83,32,Active,8.86
MTR0384,West,Residential,2025-12-05,93,22.71,53,Active,5.37
MTR0385,Central,Commercial,2025-12-26,336,58.53,84,Active,8.14
MTR0386,West,Industrial,2025-12-25,652,162.59,15,Active,9.99
MTR0387,East,Residential,2025-11-08,136,25.08,52,Active,4.78
MTR0388,East,Residential,2025-12-19,183,22.38,11,Faulty,10.35
MTR0389,East,Residential,2025-02-16,222,52.39,58,Faulty,6.57
MTR0390,East,Residential,2025-02-21,150,39.64,40,Active,5.31
MTR0391,North,Residential,2025-03-12,271,49.96,56,Faulty,6.38
MTR0392,North,Commercial,2025-06-25,339,99.4,34,Active,9.33
MTR0393,East,Commercial,2025-11-29,294,87.22,108,Active,7.41
MTR0394,West,Commercial,2025-10-19,370,96.29,78,Active,9.29
MTR0395,South,Commercial,2025-09-07,445,58.47,83,Active,9.43
MTR0396,West,Industrial,2025-10-23,1208,257.83,88,Active,5.17
MTR0397,South,Commercial,2025-06-27,625,91.72,105,Active,11.41
MTR0398,North,Residential,2025-11-26,163,45.07,9,Active,6.74
MTR0399,Central,Commercial,2025-01-26,392,75.5,30,Active,7.61
MTR0400,West,Commercial,2025-02-15,473,140.25,95,Active,5.22
MTR0401,East,Residential,2025-10-13,238,66.69,71,Active,9.2
MTR0402,Central,Commercial,2025-01-28,522,129.98,46,Active,5.3
MTR0403,South,Residential,2025-06-24,220,47.07,89,Active,10.78
MTR0404,East,Residential,2025-07-29,112,17.22,119,Faulty,6.01
MTR0405,South,Industrial,2025-06-23,542,140.37,57,Active,8.63
MTR0406,West,Residential,2025-09-13,131,37.77,107,Active,10.97
MTR0407,South,Industrial,2025-10-24,635,151.35,77,Faulty,8.03
MTR0408,East,Commercial,2025-11-08,413,121.71,57,Active,5.47
MTR0409,West,Industrial,2025-09-20,871,203.7,25,Active,9.5
MTR0410,Central,Industrial,2025-03-09,1064,260.65,41,Active,9.83
MTR0411,West,Commercial,2025-10-26,639,109.57,108,Active,4.59
MTR0412,North,Residential,2025-07-15,104,16.22,96,Active,11.38
MTR0413,Central,Residential,2025-02-01,139,25.65,57,Active,10.58
MTR0414,West,Residential,2025-11-28,268,69.99,102,Active,9.35
MTR0415,North,Commercial,2025-07-18,650,84.29,95,Active,8.84
MTR0416,East,Residential,2025-11-21,294,74.36,25,Active,11.25
MTR0417,Central,Commercial,2025-04-01,390,55.18,5,Active,8.4
MTR0418,South,Residential,2025-10-27,184,45.58,19,Active,11.0
MTR0419,West,Residential,2025-11-17,279,73.15,70,Active,9.99
MTR0420,Central,Industrial,2025-04-23,613,91.14,69,Active,5.14
MTR0421,South,Residential,2025-12-06,181,28.84,96,Active,7.82
MTR0422,West,Industrial,2025-01-05,891,145.47,82,Active,8.85
MTR0423,North,Industrial,2025-06-14,907,197.04,36,Active,8.12
MTR0424,Central,Industrial,2025-09-18,561,158.03,24,Active,5.08
MTR0425,North,Residential,2025-10-03,204,32.22,80,Active,10.55
MTR0426,East,Residential,2025-04-16,206,52.41,19,Active,9.52
MTR0427,North,Residential,2025-02-07,82,18.33,29,Faulty,7.35
MTR0428,East,Industrial,2025-07-27,546,131.69,68,Active,9.54
MTR0429,North,Industrial,2025-10-27,910,126.59,100,Active,8.75
MTR0430,Central,Commercial,2025-07-15,628,93.03,28,Active,7.24
MTR0431,West,Commercial,2025-11-21,429,125.41,1,Active,8.39
MTR0432,North,Residential,2025-01-03,274,59.88,10,Active,9.74
MTR0433,Central,Residential,2025-07-31,245,37.51,78,Active,5.86
MTR0434,South,Industrial,2025-10-18,1022,136.1,85,Active,5.19
MTR0435,West,Commercial,2025-06-19,325,44.85,79,Active,5.85
MTR0436,East,Commercial,2025-06-18,586,129.97,46,Active,11.21
MTR0437,South,Residential,2025-06-10,178,30.22,46,Active,9.63
MTR0438,East,Commercial,2025-08-17,456,63.65,82,Active,10.39
MTR0439,South,Industrial,2025-04-11,567,159.09,108,Active,4.72
MTR0440,West,Industrial,2025-07-27,587,97.98,114,Faulty,7.8
MTR0441,South,Commercial,2025-07-20,548,111.6,65,Active,7.05
MTR0442,North,Industrial,2025-05-03,714,103.72,20,Active,11.14
MTR0443,South,Industrial,2025-09-05,766,123.87,33,Active,4.8
MTR0444,South,Industrial,2025-07-04,950,120.82,83,Active,9.43
MTR0445,West,Industrial,2025-05-21,1059,198.88,48,Active,9.07
MTR0446,North,Industrial,2025-05-09,1059,194.35,111,Active,10.05
MTR0447,West,Residential,2025-09-14,124,16.6,82,Active,5.55
MTR0448,South,Commercial,2025-11-05,621,165.19,92,Active,9.23
MTR0449,East,Residential,2025-10-30,103,16.88,16,Active,5.63
MTR0450,West,Residential,2025-10-21,130,37.19,66,Faulty,8.7
MTR0451,West,Industrial,2025-01-10,594,119.31,60,Faulty,5.69
MTR0452,East,Industrial,2025-03-15,1183,198.29,92,Active,10.96
MTR0453,West,Industrial,2025-02-05,890,124.19,25,Active,10.87
MTR0454,East,Residential,2025-11-07,88,24.46,68,Active,5.32
MTR0455,East,Industrial,2025-03-08,536,114.69,47,Faulty,9.38
MTR0456,East,Residential,2025-09-04,169,33.22,32,Active,6.13
MTR0457,North,Commercial,2025-11-03,463,56.02,95,Active,8.55
MTR0458,North,Industrial,2025-01-04,730,141.32,13,Active,9.06
MTR0459,Central,Commercial,2025-10-02,554,165.38,50,Active,7.39
MTR0460,West,Commercial,2025-04-02,577,95.6,39,Active,9.92
MTR0461,East,Industrial,2025-03-12,772,201.46,20,Active,8.06
MTR0462,Central,Industrial,2025-11-11,878,232.48,105,Active,10.98
MTR0463,East,Residential,2025-02-02,137,31.46,92,Active,11.39
MTR0464,West,Industrial,2025-09-24,560,131.74,56,Active,10.45
MTR0465,West,Commercial,2025-04-10,602,147.92,78,Active,4.75
MTR0466,South,Industrial,2025-01-01,813,149.24,50,Active,5.9
MTR0467,North,Industrial,2025-12-27,1078,270.26,71,Faulty,6.94
MTR0468,Central,Residential,2025-11-07,109,18.2,52,Active,8.41
MTR0469,West,Commercial,2025-06-24,560,149.17,73,Active,7.6
MTR0470,East,Industrial,2025-09-05,1007,283.34,110,Active,5.31
MTR0471,North,Commercial,2025-11-21,616,119.65,45,Active,4.57
MTR0472,Central,Residential,2025-05-28,126,16.84,119,Active,6.7
MTR0473,South,Industrial,2025-05-18,737,186.23,30,Active,10.61
MTR0474,South,Residential,2025-04-14,142,36.95,15,Faulty,9.23
MTR0475,East,Industrial,2025-01-04,1020,236.35,63,Faulty,10.67
MTR0476,West,Commercial,2025-09-09,541,86.55,73,Active,8.18
MTR0477,East,Commercial,2025-10-04,537,147.61,99,Active,11.34
MTR0478,West,Commercial,2025-06-11,262,49.33,12,Active,8.79
MTR0479,Central,Residential,2025-10-08,187,54.7,43,Active,7.99
MTR0480,South,Commercial,2025-12-25,451,90.71,73,Active,8.53
MTR0481,South,Residential,2025-05-19,168,26.09,102,Faulty,5.55
MTR0482,North,Residential,2025-08-04,253,54.68,40,Active,6.6
MTR0483,West,Industrial,2025-01-25,654,103.84,32,Active,8.91
MTR0484,East,Industrial,2025-06-21,880,160.11,52,Active,10.57
MTR0485,West,Residential,2025-10-23,275,41.64,99,Active,6.78
MTR0486,West,Commercial,2025-08-17,461,93.8,18,Faulty,8.98
MTR0487,Central,Commercial,2025-11-20,531,71.28,43,Active,6.72
MTR0488,Central,Industrial,2025-05-17,918,256.84,99,Faulty,7.04
MTR0489,West,Industrial,2025-08-19,670,95.48,30,Active,11.08
MTR0490,North,Residential,2025-03-27,169,48.78,60,Active,4.68
MTR0491,East,Industrial,2025-02-12,1131,152.88,119,Faulty,6.67
MTR0492,South,Industrial,2025-05-26,625,134.26,21,Active,9.14
MTR0493,Central,Commercial,2025-08-28,425,61.34,89,Active,8.64
MTR0494,East,Industrial,2025-11-22,1084,190.5,44,Active,6.09
MTR0495,North,Commercial,2025-06-07,460,80.34,0,Active,9.81
MTR0496,South,Commercial,2025-05-27,565,164.11,61,Active,9.86
MTR0497,Central,Industrial,2025-04-29,886,171.98,71,Active,6.25
MTR0498,East,Commercial,2025-04-23,300,63.9,102,Faulty,10.15
MTR0499,Central,Commercial,2025-11-29,391,106.99,23,Active,5.27
MTR0500,East,Industrial,2025-08-20,1007,178.96,19,Active,8.24
MTR0501,South,Residential,2025-05-25,129,20.89,19,Active,6.02
MTR0502,East,Commercial,2025-09-13,509,68.43,96,Faulty,4.89
MTR0503,East,Residential,2025-10-06,212,56.63,106,Active,11.32
MTR0504,South,Commercial,2025-08-15,305,76.97,12,Active,11.37
MTR0505,East,Commercial,2025-12-15,400,101.62,70,Active,6.27
MTR0506,Central,Residential,2025-07-04,87,14.14,55,Active,5.67
MTR0507,Central,Industrial,2025-03-03,494,110.95,88,Active,8.67
MTR0508,Central,Residential,2025-05-08,143,41.12,97,Active,4.92
MTR0509,South,Industrial,2025-10-02,1008,178.43,71,Active,9.8
MTR0510,East,Industrial,2025-04-09,863,142.5,5,Active,7.56
MTR0511,Central,Industrial,2025-12-23,1083,235.93,41,Active,6.43
MTR0512,West,Industrial,2025-03-24,695,120.39,33,Active,7.68
MTR0513,West,Commercial,2025-04-05,577,102.55,8,Active,8.27
MTR0514,East,Residential,2025-09-26,223,39.71,82,Active,5.17
MTR0515,North,Residential,2025-03-08,118,24.47,12,Active,8.99
MTR0516,East,Industrial,2025-09-08,1116,143.78,28,Active,5.0
MTR0517,South,Industrial,2025-09-09,1141,211.05,95,Faulty,7.41
MTR0518,Central,Industrial,2025-01-30,1026,258.73,106,Active,11.11
MTR0519,West,Residential,2025-02-21,143,22.13,84,Active,8.88
MTR0520,South,Industrial,2025-10-13,1178,284.38,89,Active,10.68
MTR0521,South,Residential,2025-10-09,182,39.33,76,Active,6.97
MTR0522,Central,Industrial,2025-06-16,1183,317.88,41,Active,8.44
MTR0523,South,Commercial,2025-10-09,471,137.89,0,Active,11.38
MTR0524,West,Residential,2025-09-23,132,39.23,27,Faulty,4.65
MTR0525,Central,Industrial,2025-09-19,1084,148.48,58,Active,5.47
MTR0526,Central,Industrial,2025-05-08,798,177.7,72,Faulty,9.64
MTR0527,Central,Commercial,2025-03-30,563,71.35,103,Active,5.05
MTR0528,North,Commercial,2025-06-28,472,120.16,108,Active,4.58
MTR0529,East,Residential,2025-06-06,263,58.3,41,Active,6.05
MTR0530,North,Industrial,2025-07-21,1133,154.33,55,Active,7.26
MTR0531,South,Commercial,2025-02-12,592,113.58,10,Active,7.54
MTR0532,South,Residential,2025-09-04,253,60.06,25,Active,11.48
MTR0533,West,Residential,2025-05-05,119,28.95,73,Active,9.2
MTR0534,East,Commercial,2025-06-28,397,102.64,21,Faulty,8.81
MTR0535,East,Industrial,2025-03-16,744,181.06,19,Active,10.47
MTR0536,North,Industrial,2025-01-28,667,81.69,88,Active,6.64
MTR0537,East,Residential,2025-06-19,139,30.35,96,Active,7.88
MTR0538,South,Industrial,2025-12-24,1143,146.11,21,Active,5.9
MTR0539,West,Commercial,2025-01-28,573,108.84,34,Active,10.89
MTR0540,Central,Residential,2025-01-10,163,48.31,65,Faulty,5.2
MTR0541,Central,Commercial,2025-11-02,300,63.04,58,Active,9.49
MTR0542,North,Residential,2025-09-29,188,47.75,2,Active,6.96
MTR0543,Central,Residential,2025-09-14,162,45.06,113,Faulty,11.43
MTR0544,West,Commercial,2025-04-26,421,57.17,48,Active,9.25
MTR0545,South,Commercial,2025-05-04,347,98.46,42,Active,5.42
MTR0546,South,Industrial,2025-10-05,863,244.85,55,Faulty,11.33
MTR0547,South,Industrial,2025-10-17,617,179.39,15,Active,10.38
MTR0548,South,Industrial,2025-01-16,939,187.56,119,Active,8.96
MTR0549,Central,Residential,2025-04-07,90,23.15,78,Active,8.74
MTR0550,West,Residential,2025-11-02,164,22.03,99,Active,8.02
MTR0551,West,Commercial,2025-12-31,470,97.98,17,Active,6.08
MTR0552,East,Residential,2025-05-19,190,48.72,8,Active,11.18
MTR0553,East,Industrial,2025-09-08,786,151.6,5,Active,10.27
MTR0554,Central,Commercial,2025-11-10,601,141.51,90,Active,8.14
MTR0555,East,Commercial,2025-01-22,545,161.91,5,Active,8.11
MTR0556,North,Residential,2025-05-30,208,42.23,54,Active,10.93
MTR0557,West,Residential,2025-08-26,289,40.57,99,Active,10.76
MTR0558,West,Residential,2025-07-21,168,25.57,75,Faulty,10.77
MTR0559,East,Residential,2025-05-09,157,21.42,90,Active,7.04
MTR0560,West,Industrial,2025-07-16,691,151.37,5,Active,10.89
MTR0561,West,Industrial,2025-03-18,669,130.81,39,Active,11.23
MTR0562,Central,Industrial,2025-04-03,687,159.43,32,Active,7.98
MTR0563,East,Industrial,2025-01-03,750,169.5,60,Active,7.59
MTR0564,West,Industrial,2025-01-04,790,101.76,18,Active,6.94
MTR0565,South,Residential,2025-12-08,249,71.13,6,Active,11.46
MTR0566,South,Industrial,2025-05-26,1111,326.56,95,Active,11.02
MTR0567,North,Commercial,2025-06-15,478,129.92,8,Active,5.44
MTR0568,Central,Commercial,2025-09-27,524,120.61,13,Active,11.36
MTR0569,West,Residential,2025-09-05,254,42.35,73,Faulty,6.98
MTR0570,South,Industrial,2025-10-16,1190,248.29,23,Faulty,6.13
MTR0571,Central,Residential,2025-01-01,105,26.54,26,Active,11.49
MTR0572,East,Residential,2025-06-20,176,21.48,25,Active,6.28
MTR0573,North,Commercial,2025-06-03,511,71.79,42,Active,9.57
MTR0574,West,Residential,2025-03-31,170,48.43,102,Active,5.45
MTR0575,South,Industrial,2025-08-24,1005,288.44,7,Active,6.6
MTR0576,Central,Industrial,2025-10-02,1113,293.74,113,Active,4.96
MTR0577,South,Commercial,2025-01-16,490,133.1,73,Active,5.81
MTR0578,North,Commercial,2025-12-28,298,40.42,112,Active,7.66
MTR0579,Central,Residential,2025-09-26,184,48.08,99,Active,5.15
MTR0580,West,Residential,2025-09-05,231,66.12,93,Faulty,6.67
MTR0581,Central,Residential,2025-02-20,218,54.59,58,Active,10.55
MTR0582,North,Residential,2025-06-09,113,23.06,5,Active,9.86
MTR0583,Central,Residential,2025-10-23,180,28.1,36,Active,6.73
MTR0584,East,Industrial,2025-03-02,676,95.05,79,Active,5.22
MTR0585,West,Commercial,2025-10-09,404,90.23,21,Active,8.79
MTR0586,Central,Industrial,2025-08-16,569,160.8,6,Active,4.88
MTR0587,East,Commercial,2025-04-02,590,136.25,39,Active,5.89
MTR0588,West,Residential,2025-08-27,264,36.3,39,Active,9.47
MTR0589,East,Commercial,2025-04-29,336,95.53,50,Active,10.92
MTR0590,Central,Commercial,2025-08-21,305,42.8,61,Active,5.7
MTR0591,Central,Industrial,2025-10-22,636,169.91,101,Active,8.39
MTR0592,North,Commercial,2025-09-30,487,79.35,31,Active,11.32
MTR0593,East,Residential,2025-06-24,168,37.31,43,Active,6.15
MTR0594,North,Industrial,2025-12-31,656,117.14,12,Active,5.73
MTR0595,East,Residential,2025-11-03,135,24.16,82,Active,5.13
MTR0596,South,Industrial,2025-11-22,1175,236.8,37,Active,8.55
MTR0597,South,Residential,2025-12-15,179,51.07,119,Active,11.38
MTR0598,Central,Residential,2025-10-26,113,30.8,109,Active,7.08
MTR0599,West,Residential,2025-01-01,239,65.92,30,Active,8.63
MTR0600,Central,Industrial,2025-07-15,994,157.07,22,Active,5.82
MTR0601,East,Commercial,2025-08-02,393,56.66,9,Active,5.51
MTR0602,East,Industrial,2025-08-12,673,184.96,114,Active,8.73
MTR0603,East,Industrial,2025-04-03,984,263.33,49,Active,5.8
MTR0604,West,Residential,2025-10-23,221,42.86,69,Active,4.73
MTR0605,North,Industrial,2025-09-05,1135,332.68,10,Active,9.62
MTR0606,Central,Commercial,2025-09-22,508,83.38,80,Active,11.22
MTR0607,North,Industrial,2025-11-21,805,227.53,68,Active,7.78
MTR0608,West,Commercial,2025-10-21,482,82.93,4,Active,8.68
MTR0609,Central,Industrial,2025-10-16,1184,265.29,73,Active,11.43
MTR0610,West,Residential,2025-05-27,248,33.19,100,Active,5.43
MTR0611,Central,Commercial,2025-05-12,309,87.7,94,Active,7.63
MTR0612,South,Commercial,2025-12-25,545,149.96,43,Faulty,11.27
MTR0613,West,Residential,2025-09-11,221,55.4,21,Active,9.64
MTR0614,Central,Residential,2025-11-25,148,30.12,60,Active,9.72
MTR0615,West,Residential,2025-07-14,177,38.14,55,Active,10.99
MTR0616,East,Commercial,2025-12-14,506,69.59,68,Active,11.19
MTR0617,East,Industrial,2025-11-30,790,208.89,32,Active,7.24
MTR0618,South,Industrial,2025-12-11,1055,255.3,23,Active,4.57
MTR0619,North,Residential,2025-01-07,178,43.32,44,Active,6.48
MTR0620,South,Residential,2025-01-13,245,71.32,81,Active,11.2
MTR0621,North,Industrial,2025-03-08,1166,327.97,89,Active,6.56
MTR0622,North,Industrial,2025-08-21,1204,200.25,99,Active,9.94
MTR0623,East,Commercial,2025-06-20,384,76.53,62,Faulty,5.9
MTR0624,East,Residential,2025-11-27,254,65.63,27,Active,5.24
MTR0625,East,Industrial,2025-05-13,563,125.46,32,Active,4.63
MTR0626,East,Residential,2025-12-01,272,45.68,89,Active,7.24
MTR0627,North,Industrial,2025-12-29,977,265.67,99,Active,4.99
MTR0628,South,Residential,2025-07-16,251,72.37,45,Active,6.62
MTR0629,North,Industrial,2025-11-28,1070,143.9,58,Active,6.53
MTR0630,South,Residential,2025-10-11,94,16.34,49,Faulty,8.91
MTR0631,Central,Commercial,2025-02-13,471,59.55,3,Active,8.65
MTR0632,East,Commercial,2025-02-02,622,134.42,106,Active,11.27
MTR0633,North,Residential,2025-06-23,125,17.66,103,Active,8.16
MTR0634,West,Residential,2025-10-24,137,28.5,2,Active,10.93
MTR0635,North,Residential,2025-12-26,248,58.0,115,Active,10.06
MTR0636,East,Industrial,2025-03-29,602,126.11,102,Active,4.94
MTR0637,South,Commercial,2025-06-22,465,67.29,107,Faulty,5.99
MTR0638,North,Industrial,2025-03-30,638,92.78,53,Active,7.09
MTR0639,South,Commercial,2025-05-05,262,68.75,80,Active,9.94
MTR0640,North,Commercial,2025-02-11,244,60.32,75,Faulty,7.41
MTR0641,East,Industrial,2025-03-06,1169,250.35,52,Active,5.72
MTR0642,North,Industrial,2025-04-03,608,111.03,0,Active,5.84
MTR0643,West,Residential,2025-11-13,180,36.64,80,Active,6.43
MTR0644,South,Residential,2025-03-18,201,48.37,5,Active,7.05
MTR0645,South,Commercial,2025-05-09,550,76.34,6,Faulty,5.73
MTR0646,North,Commercial,2025-09-21,322,72.99,41,Active,9.73
MTR0647,Central,Residential,2025-02-26,173,43.73,111,Active,10.74
MTR0648,North,Commercial,2025-10-27,275,43.7,78,Active,7.21
MTR0649,South,Commercial,2025-04-10,438,79.04,4,Active,4.92
MTR0650,South,Residential,2025-08-27,220,35.11,37,Active,10.03
MTR0651,West,Residential,2025-10-23,253,69.39,62,Faulty,6.02
MTR0652,East,Commercial,2025-05-23,480,85.88,74,Active,10.99
MTR0653,South,Industrial,2025-01-03,581,146.43,64,Active,8.22
MTR0654,East,Industrial,2025-02-20,736,162.31,1,Active,7.35
MTR0655,South,Residential,2025-07-03,146,17.94,85,Active,9.42
MTR0656,West,Industrial,2025-10-26,971,269.31,51,Active,10.6
MTR0657,East,Industrial,2025-11-21,601,168.77,42,Active,6.58
MTR0658,Central,Industrial,2025-11-10,702,162.64,42,Active,4.88
MTR0659,Central,Residential,2025-02-26,163,30.29,22,Active,9.43
MTR0660,West,Industrial,2025-04-15,793,111.37,61,Active,9.77
MTR0661,South,Industrial,2025-04-26,817,198.07,35,Active,7.11
MTR0662,East,Commercial,2025-09-14,360,87.15,68,Faulty,7.66
MTR0663,Central,Industrial,2025-12-21,959,128.92,114,Active,11.21
MTR0664,North,Residential,2025-03-26,193,28.39,26,Active,8.89
MTR0665,Central,Commercial,2025-12-16,341,66.71,94,Active,6.54
MTR0666,North,Residential,2025-04-29,245,54.92,83,Active,6.78
MTR0667,West,Industrial,2025-12-23,993,173.51,16,Faulty,6.65
MTR0668,Central,Residential,2025-09-05,173,31.76,58,Faulty,8.83
MTR0669,South,Industrial,2025-10-02,678,101.04,14,Active,6.72
MTR0670,South,Commercial,2025-05-14,328,78.65,44,Active,7.64
MTR0671,South,Industrial,2025-06-04,957,247.22,58,Faulty,5.59
MTR0672,West,Industrial,2025-06-19,1002,295.12,96,Faulty,8.52
MTR0673,South,Industrial,2025-08-15,975,141.47,70,Active,4.67
MTR0674,West,Residential,2025-08-17,158,36.26,24,Active,6.06
MTR0675,Central,Residential,2025-01-12,92,27.2,50,Active,6.72
MTR0676,West,Industrial,2025-01-29,905,225.23,54,Active,7.11
MTR0677,Central,Commercial,2025-06-29,469,74.49,113,Active,11.45
MTR0678,East,Commercial,2025-03-25,453,66.07,38,Active,10.57
MTR0679,Central,Residential,2025-10-30,208,48.88,34,Active,8.39
MTR0680,West,Residential,2025-04-13,177,36.87,105,Active,10.34
MTR0681,Central,Commercial,2025-10-14,344,50.82,38,Faulty,10.34
MTR0682,East,Residential,2025-12-01,252,52.55,88,Active,4.7
MTR0683,Central,Commercial,2025-02-04,476,105.58,111,Active,9.3
MTR0684,North,Commercial,2025-09-20,258,57.97,18,Active,10.65
MTR0685,South,Commercial,2025-03-25,422,98.97,45,Active,6.54
MTR0686,North,Industrial,2025-04-10,597,130.07,111,Active,10.41
MTR0687,Central,Commercial,2025-12-17,324,86.9,1,Active,6.47
MTR0688,East,Commercial,2025-06-24,301,63.39,106,Active,10.78
MTR0689,West,Industrial,2025-09-27,649,131.67,9,Active,5.42
MTR0690,North,Commercial,2025-06-28,471,131.95,76,Active,11.29
MTR0691,South,Industrial,2025-06-05,723,198.27,18,Active,6.65
MTR0692,South,Residential,2025-02-10,170,44.11,96,Active,5.87
MTR0693,North,Industrial,2025-09-20,975,276.45,5,Active,9.17
MTR0694,North,Residential,2025-11-05,135,32.5,3,Active,10.42
MTR0695,Central,Industrial,2025-06-28,1022,215.52,8,Active,8.55
MTR0696,North,Industrial,2025-04-22,723,87.32,92,Active,6.0
MTR0697,West,Industrial,2025-09-01,725,174.9,13,Active,6.98
MTR0698,East,Commercial,2025-04-20,360,92.54,40,Active,5.27
MTR0699,South,Commercial,2025-07-04,525,94.01,14,Active,7.7
MTR0700,Central,Industrial,2025-08-16,934,277.67,54,Active,4.99
MTR0701,East,Industrial,2025-07-08,1232,296.88,50,Active,9.11
MTR0702,North,Residential,2025-03-15,174,44.1,114,Faulty,4.95
MTR0703,South,Commercial,2025-04-13,465,125.95,92,Active,9.85
MTR0704,West,Industrial,2025-05-20,904,216.96,51,Faulty,8.08
MTR0705,South,Commercial,2025-02-25,421,68.01,120,Active,5.2
MTR0706,North,Residential,2025-09-13,107,15.78,79,Active,9.82
MTR0707,West,Commercial,2025-08-27,443,92.25,33,Active,10.17
MTR0708,West,Industrial,2025-01-10,650,130.66,109,Active,7.72
MTR0709,North,Residential,2025-10-13,290,57.28,39,Active,7.91
MTR0710,North,Industrial,2025-12-12,1116,248.87,60,Active,5.59
MTR0711,North,Commercial,2025-05-15,577,148.85,36,Active,4.7
MTR0712,North,Residential,2025-07-07,192,36.19,54,Active,7.0
MTR0713,Central,Residential,2025-12-05,161,36.49,116,Active,10.58
MTR0714,North,Commercial,2025-03-28,509,103.31,110,Active,8.1
MTR0715,East,Commercial,2025-01-11,571,107.34,49,Active,5.18
MTR0716,East,Residential,2025-12-20,176,46.83,85,Active,8.8
MTR0717,Central,Commercial,2025-04-14,623,98.77,33,Active,11.47
MTR0718,East,Residential,2025-11-16,126,21.32,72,Active,7.83
MTR0719,South,Commercial,2025-02-09,422,83.52,69,Active,7.4
MTR0720,Central,Industrial,2025-09-21,1063,296.11,80,Active,10.54
MTR0721,West,Commercial,2025-04-20,537,142.63,109,Active,7.54
MTR0722,West,Industrial,2025-11-17,731,148.57,30,Active,9.3
MTR0723,Central,Commercial,2025-07-30,288,78.41,34,Active,9.02
MTR0724,Central,Industrial,2025-11-04,738,108.48,3,Active,10.29
MTR0725,East,Commercial,2025-10-14,450,70.36,34,Active,6.31
MTR0726,Central,Industrial,2025-10-09,585,152.57,7,Faulty,5.09
MTR0727,West,Commercial,2025-02-02,427,81.75,107,Active,5.48
MTR0728,North,Industrial,2025-09-14,1227,202.85,113,Active,8.7
MTR0729,Central,Commercial,2025-10-27,377,55.03,22,Active,6.42
MTR0730,East,Commercial,2025-10-29,528,129.85,14,Active,7.47
MTR0731,South,Commercial,2025-03-16,512,63.38,115,Active,10.39
MTR0732,North,Industrial,2025-12-10,1094,192.18,89,Active,10.19
MTR0733,North,Industrial,2025-05-02,538,154.38,117,Active,5.13
MTR0734,South,Commercial,2025-04-18,494,137.48,98,Active,10.03
MTR0735,Central,Residential,2025-09-09,234,65.01,104,Active,5.62
MTR0736,Central,Industrial,2025-02-03,1166,294.77,58,Active,9.83
MTR0737,South,Industrial,2025-08-16,534,83.31,39,Active,5.08
MTR0738,South,Residential,2025-09-22,278,73.02,40,Active,10.61
MTR0739,South,Commercial,2025-03-30,422,57.05,47,Active,10.63
MTR0740,West,Residential,2025-01-11,94,26.62,59,Active,9.41
MTR0741,South,Residential,2025-07-25,251,36.86,47,Active,8.47
MTR0742,North,Industrial,2025-09-27,1232,174.12,91,Active,11.12
MTR0743,Central,Commercial,2025-09-11,322,73.42,105,Active,9.24
MTR0744,East,Residential,2025-07-29,130,21.11,57,Faulty,7.09
MTR0745,East,Residential,2025-01-06,230,56.04,91,Active,7.46
MTR0746,West,Commercial,2025-02-07,521,93.74,30,Active,6.98
MTR0747,West,Industrial,2025-11-03,803,185.93,38,Faulty,9.2
MTR0748,South,Industrial,2025-01-22,767,161.59,119,Active,7.78
MTR0749,North,Commercial,2025-12-30,484,68.26,5,Faulty,7.99
MTR0750,Central,Industrial,2025-07-04,782,166.61,55,Faulty,6.71
MTR0751,East,Residential,2025-10-12,234,36.04,6,Active,4.75
MTR0752,Central,Residential,2025-12-28,242,30.82,45,Faulty,8.43
MTR0753,East,Commercial,2025-02-27,304,47.63,36,Active,5.68
MTR0754,West,Commercial,2025-10-16,529,113.57,73,Active,10.94
MTR0755,South,Commercial,2025-12-13,434,105.3,87,Active,7.11
MTR0756,North,Commercial,2025-03-20,332,66.97,34,Active,4.54
MTR0757,North,Industrial,2025-11-15,1078,170.37,6,Active,6.48
MTR0758,North,Industrial,2025-02-06,881,168.97,22,Active,9.9
MTR0759,East,Residential,2025-01-11,164,28.09,96,Faulty,5.58
MTR0760,Central,Commercial,2025-08-10,596,110.04,12,Active,8.09
MTR0761,East,Commercial,2025-07-18,421,57.36,54,Active,8.8
MTR0762,East,Industrial,2025-08-07,1048,309.36,86,Active,9.3
MTR0763,South,Commercial,2025-09-27,571,98.4,55,Active,10.11
MTR0764,Central,Residential,2025-03-07,190,32.91,6,Active,10.92
MTR0765,West,Residential,2025-09-19,227,54.24,72,Active,6.99
MTR0766,West,Residential,2025-09-15,123,18.74,23,Active,4.82
MTR0767,East,Industrial,2025-06-02,1002,232.75,33,Active,10.93
MTR0768,South,Residential,2025-04-05,93,18.42,2,Active,5.32
MTR0769,South,Industrial,2025-09-02,1215,212.02,104,Faulty,7.03
MTR0770,East,Commercial,2025-02-14,323,45.27,2,Active,5.82
MTR0771,North,Residential,2025-09-04,256,50.8,80,Faulty,8.27
MTR0772,North,Commercial,2025-08-26,474,66.82,115,Active,9.42
MTR0773,East,Commercial,2025-01-11,554,95.88,106,Active,4.86
MTR0774,North,Residential,2025-11-19,240,71.96,4,Active,7.9
MTR0775,West,Industrial,2025-11-10,609,75.16,73,Active,4.94
MTR0776,East,Commercial,2025-03-01,592,118.81,55,Active,6.52
MTR0777,South,Commercial,2025-06-26,376,84.89,87,Active,8.71
MTR0778,East,Residential,2025-05-31,205,53.97,102,Faulty,5.63
MTR0779,South,Commercial,2025-12-20,587,88.75,20,Active,5.21
MTR0780,East,Commercial,2025-06-05,343,102.85,45,Faulty,7.0
MTR0781,South,Residential,2025-09-15,123,17.28,29,Active,6.07
MTR0782,Central,Commercial,2025-07-01,534,146.11,111,Active,9.19
MTR0783,North,Commercial,2025-08-23,297,79.67,5,Active,5.67
MTR0784,North,Residential,2025-07-05,164,34.39,111,Active,9.03
MTR0785,Central,Residential,2025-03-04,111,18.22,103,Active,6.51
MTR0786,South,Residential,2025-05-17,186,27.4,96,Active,10.01
MTR0787,South,Commercial,2025-07-31,510,147.84,56,Active,4.57
MTR0788,West,Residential,2025-02-13,167,33.09,50,Active,9.12
MTR0789,South,Industrial,2025-01-30,1049,205.05,113,Active,8.38
MTR0790,Central,Industrial,2025-06-10,833,191.48,18,Active,7.62
MTR0791,South,Industrial,2025-11-16,976,273.07,100,Active,9.93
MTR0792,Central,Residential,2025-01-19,213,45.51,69,Active,5.15
MTR0793,West,Commercial,2025-09-24,557,69.64,101,Active,6.31
MTR0794,Central,Industrial,2025-08-05,588,98.05,64,Active,4.83
MTR0795,North,Commercial,2025-06-02,275,81.66,103,Active,8.57
MTR0796,West,Industrial,2025-04-30,788,195.88,66,Active,5.24
MTR0797,West,Industrial,2025-04-09,598,148.36,106,Active,5.15
MTR0798,East,Residential,2025-09-01,161,38.93,51,Active,8.13
MTR0799,East,Commercial,2025-10-27,611,149.1,62,Active,7.42
MTR0800,South,Residential,2025-09-16,108,31.78,65,Faulty,5.33
MTR0801,South,Commercial,2025-08-31,357,102.07,15,Active,7.36
MTR0802,North,Commercial,2025-10-20,269,37.98,39,Faulty,6.62
MTR0803,East,Residential,2025-03-15,102,29.44,39,Faulty,6.01
MTR0804,East,Residential,2025-03-04,205,40.01,73,Active,7.67
MTR0805,Central,Commercial,2025-09-01,361,84.68,97,Active,7.64
MTR0806,Central,Residential,2025-11-16,279,45.17,50,Active,4.82
MTR0807,East,Industrial,2025-05-23,652,145.37,101,Active,6.66
MTR0808,North,Industrial,2025-10-14,1182,264.57,6,Faulty,8.15
MTR0809,East,Industrial,2025-01-10,1047,307.01,35,Active,6.22
MTR0810,West,Commercial,2025-02-13,591,133.57,62,Faulty,4.66
MTR0811,East,Residential,2025-08-01,114,18.96,14,Faulty,8.29
MTR0812,Central,Residential,2025-04-04,164,47.79,86,Active,8.8
MTR0813,Central,Residential,2025-01-14,86,15.27,52,Faulty,6.31
MTR0814,North,Residential,2025-04-14,151,31.52,96,Active,11.15
MTR0815,Central,Residential,2025-06-12,186,38.53,52,Active,10.9
MTR0816,North,Commercial,2025-10-11,606,155.95,83,Active,6.63
MTR0817,East,Commercial,2025-02-12,504,94.35,21,Active,8.26
MTR0818,East,Industrial,2025-08-20,992,235.65,21,Active,11.03
MTR0819,East,Commercial,2025-11-03,622,168.96,27,Active,8.07
MTR0820,North,Residential,2025-10-01,215,41.1,15,Active,9.58
MTR0821,Central,Commercial,2025-04-18,531,124.43,96,Active,6.41
MTR0822,Central,Commercial,2025-04-18,538,153.07,17,Active,4.51
MTR0823,East,Residential,2025-01-05,166,42.7,68,Active,10.64
MTR0824,North,Industrial,2025-01-16,651,192.02,48,Active,7.01
MTR0825,South,Industrial,2025-01-05,883,176.62,28,Active,9.81
MTR0826,Central,Residential,2025-02-16,245,39.73,63,Faulty,4.76
MTR0827,East,Industrial,2025-12-28,512,152.15,81,Active,10.59
MTR0828,West,Industrial,2025-09-10,700,92.24,16,Active,5.39
MTR0829,West,Residential,2025-09-25,132,39.41,88,Active,8.8
MTR0830,West,Commercial,2025-01-02,564,154.36,41,Active,11.47
MTR0831,Central,Residential,2025-12-15,238,50.72,5,Faulty,6.07
MTR0832,Central,Commercial,2025-09-30,441,68.37,10,Faulty,10.15
MTR0833,South,Industrial,2025-08-05,702,125.84,8,Active,5.18
MTR0834,East,Commercial,2025-01-13,582,95.73,60,Active,6.89
MTR0835,North,Commercial,2025-09-24,323,83.18,80,Active,5.37
MTR0836,North,Residential,2025-07-13,147,41.96,56,Active,8.78
MTR0837,East,Residential,2025-02-22,111,30.3,51,Active,9.76
MTR0838,South,Industrial,2025-12-04,993,202.13,54,Faulty,8.83
MTR0839,Central,Industrial,2025-12-12,1051,237.32,13,Active,8.67
MTR0840,North,Industrial,2025-04-10,1197,198.86,53,Active,8.85
MTR0841,South,Residential,2025-03-12,110,24.77,65,Faulty,9.78
MTR0842,Central,Industrial,2025-10-05,999,228.37,37,Active,4.56
MTR0843,West,Industrial,2025-12-14,787,210.49,71,Faulty,7.45
MTR0844,South,Residential,2025-11-24,135,32.43,88,Active,7.77
MTR0845,Central,Industrial,2025-10-17,839,150.31,13,Active,10.02
MTR0846,North,Commercial,2025-04-23,586,119.53,27,Active,9.64
MTR0847,Central,Industrial,2025-07-12,668,123.79,9,Active,8.38
MTR0848,South,Commercial,2025-08-14,599,76.61,3,Active,6.49
MTR0849,South,Commercial,2025-03-31,535,83.07,22,Active,10.87
MTR0850,North,Industrial,2025-03-12,636,183.49,39,Active,7.09
MTR0851,Central,Industrial,2025-03-29,932,131.72,112,Faulty,10.06
MTR0852,South,Industrial,2025-07-13,1147,339.35,31,Faulty,9.84
MTR0853,West,Residential,2025-10-02,166,21.51,101,Active,5.39
MTR0854,West,Industrial,2025-09-08,969,145.48,49,Active,9.02
MTR0855,West,Commercial,2025-09-13,508,126.11,67,Active,9.51
MTR0856,East,Commercial,2025-05-18,439,69.05,114,Active,10.54
MTR0857,East,Residential,2025-06-06,188,54.22,47,Active,5.09
MTR0858,North,Commercial,2025-08-16,415,84.55,79,Active,7.66
MTR0859,East,Commercial,2025-07-08,440,54.76,56,Active,9.02
MTR0860,Central,Residential,2025-05-31,198,51.77,118,Active,5.33
MTR0861,Central,Residential,2025-10-07,153,25.25,95,Active,9.28
MTR0862,Central,Residential,2025-12-28,247,30.02,38,Active,6.93
MTR0863,East,Commercial,2025-10-24,301,89.72,19,Faulty,6.09
MTR0864,South,Commercial,2025-04-30,589,147.28,59,Active,5.1
MTR0865,South,Commercial,2025-12-24,394,107.77,3,Active,8.54
MTR0866,South,Commercial,2025-01-05,610,97.96,54,Active,7.32
MTR0867,West,Commercial,2025-06-16,245,70.07,19,Faulty,11.46
MTR0868,West,Industrial,2025-11-05,928,145.47,50,Active,7.21
MTR0869,East,Residential,2025-06-18,243,33.24,13,Active,5.74
MTR0870,West,Commercial,2025-01-14,380,65.01,29,Active,8.17
MTR0871,East,Residential,2025-07-08,233,64.02,52,Active,11.43
MTR0872,South,Industrial,2025-08-03,904,129.62,26,Active,10.23
MTR0873,East,Residential,2025-11-06,232,48.82,87,Active,5.91
MTR0874,South,Commercial,2025-02-02,606,108.6,72,Faulty,7.72
MTR0875,West,Residential,2025-02-16,177,43.55,91,Active,7.24
MTR0876,South,Commercial,2025-05-08,604,114.3,84,Active,8.48
MTR0877,East,Industrial,2025-01-23,828,142.86,117,Active,9.59
MTR0878,South,Commercial,2025-07-30,301,77.05,64,Active,6.78
MTR0879,East,Residential,2025-05-10,172,21.47,81,Active,9.75
MTR0880,East,Commercial,2025-07-24,434,71.66,90,Faulty,6.79
MTR0881,East,Commercial,2025-08-25,303,75.28,56,Active,10.24
MTR0882,South,Residential,2025-01-10,252,35.87,94,Active,5.04
MTR0883,North,Industrial,2025-05-20,868,138.01,4,Faulty,8.23
MTR0884,East,Industrial,2025-01-25,1149,218.67,39,Active,8.69
MTR0885,North,Commercial,2025-04-14,446,60.86,53,Active,4.6
MTR0886,South,Industrial,2025-12-09,599,149.94,5,Active,5.25
MTR0887,Central,Commercial,2025-10-15,353,101.73,50,Faulty,5.35
MTR0888,South,Residential,2025-07-02,193,45.88,1,Active,7.71
MTR0889,North,Industrial,2025-05-23,862,113.89,27,Active,9.87
MTR0890,East,Residential,2025-12-31,229,67.01,76,Active,8.92
MTR0891,East,Industrial,2025-12-22,699,206.93,85,Active,6.85
MTR0892,West,Industrial,2025-08-18,1164,245.16,90,Faulty,6.13
MTR0893,West,Residential,2025-06-08,130,17.0,47,Active,5.91
MTR0894,East,Residential,2025-11-25,125,31.63,42,Active,6.72
MTR0895,North,Industrial,2025-08-01,533,145.21,42,Active,5.94
MTR0896,North,Industrial,2025-05-08,936,166.51,56,Active,4.95
MTR0897,East,Residential,2025-04-09,99,14.12,22,Active,10.32
MTR0898,South,Residential,2025-09-17,119,17.8,25,Active,5.74
MTR0899,South,Commercial,2025-05-27,484,81.76,100,Active,11.16
MTR0900,Central,Commercial,2025-07-13,525,110.75,94,Active,5.59
MTR0901,East,Residential,2025-07-15,237,34.96,93,Active,7.16
MTR0902,Central,Commercial,2025-05-26,578,76.84,17,Active,5.87
MTR0903,South,Residential,2025-01-07,239,68.5,120,Active,9.7
MTR0904,East,Commercial,2025-06-07,583,162.83,117,Active,11.02
MTR0905,South,Residential,2025-08-12,187,43.81,47,Active,9.06
MTR0906,East,Industrial,2025-05-07,561,131.03,86,Active,9.16
MTR0907,South,Commercial,2025-11-06,610,100.37,74,Faulty,10.39
MTR0908,North,Residential,2025-02-17,234,49.92,24,Faulty,5.66
MTR0909,East,Commercial,2025-12-21,534,120.41,93,Active,10.63
MTR0910,North,Residential,2025-11-22,240,61.15,119,Active,9.39
MTR0911,North,Residential,2025-09-09,113,24.24,83,Active,7.52
MTR0912,South,Commercial,2025-04-06,354,74.51,14,Active,10.2
MTR0913,South,Residential,2025-01-31,158,31.49,116,Active,10.58
MTR0914,South,Residential,2025-05-31,116,15.26,3,Active,7.85
MTR0915,North,Residential,2025-02-01,133,18.28,66,Active,7.13
MTR0916,West,Commercial,2025-09-06,456,82.34,87,Faulty,11.5
MTR0917,South,Commercial,2025-12-07,430,127.09,111,Active,5.2
MTR0918,East,Industrial,2025-07-25,1111,307.1,35,Faulty,9.76
MTR0919,South,Commercial,2025-08-20,632,122.84,24,Active,8.97
MTR0920,Central,Residential,2025-11-21,208,33.7,62,Active,8.79
MTR0921,North,Commercial,2025-08-08,616,106.5,24,Active,10.59
MTR0922,West,Industrial,2025-09-16,1000,174.24,86,Faulty,11.41
MTR0923,East,Residential,2025-08-17,158,25.81,27,Active,11.11
MTR0924,North,Residential,2025-08-11,116,29.92,28,Active,9.16
MTR0925,North,Industrial,2025-03-11,994,261.62,42,Faulty,11.02
MTR0926,West,Residential,2025-11-26,202,53.64,28,Active,6.54
MTR0927,North,Residential,2025-06-24,258,36.88,40,Faulty,8.54
MTR0928,North,Commercial,2025-02-01,553,163.89,40,Active,10.08
MTR0929,South,Industrial,2025-12-06,720,137.63,68,Faulty,6.71
MTR0930,Central,Residential,2025-09-13,212,31.01,85,Active,10.29
MTR0931,North,Industrial,2025-06-13,641,191.94,90,Active,8.92
MTR0932,South,Commercial,2025-05-30,279,75.06,26,Active,11.04
MTR0933,South,Industrial,2025-01-27,919,273.12,84,Faulty,5.61
MTR0934,North,Industrial,2025-07-20,1234,368.05,96,Active,5.0
MTR0935,Central,Commercial,2025-12-23,522,74.94,96,Active,10.56
MTR0936,North,Industrial,2025-06-05,664,132.49,61,Active,5.51
MTR0937,South,Industrial,2025-04-11,863,208.93,109,Active,11.15
MTR0938,East,Industrial,2025-03-28,904,137.71,6,Active,8.11
MTR0939,Central,Industrial,2025-08-11,924,116.53,30,Active,6.62
MTR0940,West,Residential,2025-12-01,167,43.42,110,Active,7.17
MTR0941,East,Commercial,2025-01-06,304,63.25,85,Faulty,6.07
MTR0942,West,Industrial,2025-10-21,599,113.28,82,Active,6.59
MTR0943,South,Residential,2025-06-16,127,33.82,2,Active,10.22
MTR0944,West,Commercial,2025-02-02,544,139.06,26,Faulty,10.78
MTR0945,South,Industrial,2025-12-22,1105,291.82,15,Active,8.53
MTR0946,South,Residential,2025-10-15,140,29.55,46,Faulty,5.7
MTR0947,North,Residential,2025-06-03,139,27.81,73,Active,6.69
MTR0948,Central,Industrial,2025-10-03,586,95.33,24,Active,10.49
MTR0949,South,Residential,2025-11-05,246,41.8,93,Active,5.02
MTR0950,Central,Commercial,2025-07-15,371,50.08,32,Active,11.08
MTR0951,South,Industrial,2025-04-15,779,193.66,72,Active,10.24
MTR0952,West,Residential,2025-08-03,147,18.33,77,Active,6.39
MTR0953,West,Residential,2025-12-17,242,56.93,46,Faulty,9.95
MTR0954,South,Residential,2025-05-21,90,16.93,13,Active,5.36
MTR0955,West,Industrial,2025-06-06,644,117.72,73,Faulty,8.36
MTR0956,West,Residential,2025-01-25,126,22.95,94,Active,10.02
MTR0957,West,Industrial,2025-07-26,643,78.26,65,Active,9.1
MTR0958,South,Commercial,2025-10-18,304,75.19,31,Active,7.43
MTR0959,East,Residential,2025-08-13,186,31.55,54,Active,9.53
MTR0960,South,Commercial,2025-11-22,426,115.93,81,Active,9.61
MTR0961,North,Residential,2025-10-22,144,41.37,103,Faulty,11.24
MTR0962,East,Industrial,2025-09-18,1054,256.46,86,Faulty,9.39
MTR0963,East,Residential,2025-11-12,176,44.87,31,Faulty,9.13
MTR0964,West,Industrial,2025-11-08,960,231.76,112,Active,10.83
MTR0965,South,Residential,2025-07-07,100,19.61,48,Active,11.29
MTR0966,Central,Industrial,2025-05-08,815,168.67,33,Active,9.67
MTR0967,West,Commercial,2025-04-22,563,162.35,114,Active,7.92
MTR0968,Central,Residential,2025-11-12,222,30.92,44,Faulty,5.8
MTR0969,Central,Residential,2025-02-21,180,38.74,115,Active,5.37
MTR0970,East,Residential,2025-03-21,288,55.06,38,Active,10.75
MTR0971,West,Commercial,2025-02-25,586,85.07,95,Active,7.01
MTR0972,South,Residential,2025-04-08,182,35.63,42,Faulty,5.62
MTR0973,South,Commercial,2025-12-07,352,77.1,102,Active,5.39
MTR0974,East,Industrial,2025-07-19,592,84.48,44,Active,9.87
MTR0975,South,Residential,2025-12-14,148,29.33,37,Active,5.08
MTR0976,East,Residential,2025-11-13,130,22.18,14,Faulty,11.46
MTR0977,South,Industrial,2025-08-08,649,149.27,24,Faulty,8.64
MTR0978,South,Residential,2025-03-03,128,38.18,118,Active,4.62
MTR0979,South,Residential,2025-01-27,196,48.22,29,Active,7.48
MTR0980,North,Industrial,2025-08-07,805,135.61,35,Faulty,9.48
MTR0981,South,Commercial,2025-01-25,256,61.15,41,Active,7.8
MTR0982,West,Residential,2025-08-09,153,27.57,14,Active,4.6
MTR0983,West,Residential,2025-06-19,219,50.12,30,Active,5.97
MTR0984,East,Residential,2025-02-24,108,13.76,116,Faulty,10.22
MTR0985,South,Industrial,2025-08-17,1082,188.56,60,Faulty,5.91
MTR0986,South,Residential,2025-03-07,141,39.55,97,Faulty,10.85
MTR0987,Central,Commercial,2025-08-18,298,61.66,67,Faulty,8.03
MTR0988,North,Residential,2025-11-03,135,39.43,7,Active,9.36
MTR0989,East,Commercial,2025-12-17,513,101.98,65,Active,9.96
MTR0990,East,Industrial,2025-05-20,503,112.14,75,Active,10.65
MTR0991,West,Commercial,2025-09-15,390,67.6,34,Active,5.7
MTR0992,North,Industrial,2025-05-02,1152,333.58,35,Faulty,6.39
MTR0993,North,Industrial,2025-05-08,598,141.58,80,Active,7.08
MTR0994,North,Industrial,2025-10-09,935,166.84,7,Active,4.57
MTR0995,Central,Residential,2025-05-24,173,41.23,111,Active,9.96
MTR0996,North,Industrial,2025-12-19,813,127.73,56,Active,6.38
MTR0997,West,Industrial,2025-07-22,772,143.87,115,Active,7.97
MTR0998,East,Residential,2025-04-01,131,30.99,2,Active,10.7
MTR0999,East,Industrial,2025-11-08,635,124.94,58,Faulty,11.29
MTR1000,North,Industrial,2025-09-27,1109,208.51,2,Active,4.59
